p,Îºs,n_runs,n_fail,iter_iR2N,iter_iR2,moyenne_iter_iR2,prox_calls_outer,total_iters_prox_outer,mean_iters_prox_outer,prox_calls_inner,total_iters_prox_inner,mean_iters_prox_inner,prox_calls_all,total_iters_prox_all,mean_iters_prox_all,moyenne_temps
1.10e+00,1.00e-07,1.00e+01,0.00e+00,1.61e+01,2.00e+03,1.21e+02,1.71e+01,6.27e+02,3.62e+01,2.02e+03,5.42e+04,1.06e+02,2.04e+03,5.48e+04,1.02e+02,5.03e+00
1.10e+00,1.00e-05,1.00e+01,0.00e+00,1.57e+01,2.52e+03,1.63e+02,1.67e+01,2.11e+03,1.27e+02,2.53e+03,1.01e+05,1.94e+02,2.55e+03,1.03e+05,1.90e+02,9.80e+00
1.10e+00,1.00e-03,1.00e+01,0.00e+00,1.49e+01,1.31e+03,8.33e+01,1.59e+01,4.09e+03,2.56e+02,1.33e+03,1.59e+05,4.11e+02,1.34e+03,1.63e+05,4.02e+02,1.55e+01
1.10e+00,1.00e-02,1.00e+01,0.00e+00,1.49e+01,2.66e+02,1.78e+01,1.59e+01,4.90e+03,3.10e+02,2.81e+02,1.81e+05,6.19e+02,2.97e+02,1.85e+05,6.02e+02,1.77e+01
1.10e+00,1.00e-01,1.00e+01,0.00e+00,1.45e+01,2.02e+02,1.39e+01,1.55e+01,4.24e+03,2.71e+02,2.16e+02,1.31e+05,6.04e+02,2.32e+02,1.35e+05,5.81e+02,1.32e+01
1.10e+00,5.00e-01,1.00e+01,0.00e+00,1.45e+01,1.99e+02,1.37e+01,1.55e+01,6.01e+03,3.87e+02,2.14e+02,1.30e+05,6.05e+02,2.29e+02,1.36e+05,5.90e+02,1.28e+01
1.10e+00,9.00e-01,1.00e+01,0.00e+00,1.45e+01,2.02e+02,1.39e+01,1.55e+01,5.03e+03,3.23e+02,2.16e+02,1.30e+05,5.98e+02,2.32e+02,1.35e+05,5.80e+02,1.25e+01
1.10e+00,9.90e-01,1.00e+01,0.00e+00,1.46e+01,2.00e+02,1.37e+01,1.56e+01,6.01e+03,3.81e+02,2.14e+02,1.30e+05,6.05e+02,2.30e+02,1.36e+05,5.90e+02,1.38e+01
1.10e+00,1.00e+01,1.00e+01,0.00e+00,1.45e+01,1.96e+02,1.35e+01,1.55e+01,5.22e+03,3.36e+02,2.11e+02,1.24e+05,5.85e+02,2.26e+02,1.29e+05,5.68e+02,1.20e+01
